{
    "name": "root",
    "gauges": {
        "BossBattle.Policy.Entropy.mean": {
            "value": 2.811678409576416,
            "min": 2.792193651199341,
            "max": 2.8150761127471924,
            "count": 20
        },
        "BossBattle.Policy.Entropy.sum": {
            "value": 27363.25390625,
            "min": 27113.82421875,
            "max": 29755.90625,
            "count": 20
        },
        "BossBattle.Step.mean": {
            "value": 99937.0,
            "min": 4984.0,
            "max": 99937.0,
            "count": 20
        },
        "BossBattle.Step.sum": {
            "value": 99937.0,
            "min": 4984.0,
            "max": 99937.0,
            "count": 20
        },
        "BossBattle.Policy.ExtrinsicValueEstimate.mean": {
            "value": -0.02910223975777626,
            "min": -0.11088809370994568,
            "max": -0.027992447838187218,
            "count": 20
        },
        "BossBattle.Policy.ExtrinsicValueEstimate.sum": {
            "value": -2.328179121017456,
            "min": -8.760159492492676,
            "max": -2.267388343811035,
            "count": 20
        },
        "BossBattle.Environment.EpisodeLength.mean": {
            "value": 499.0,
            "min": 459.57142857142856,
            "max": 499.0,
            "count": 20
        },
        "BossBattle.Environment.EpisodeLength.sum": {
            "value": 10978.0,
            "min": 5988.0,
            "max": 11976.0,
            "count": 20
        },
        "BossBattle.Environment.CumulativeReward.mean": {
            "value": 0.0,
            "min": 0.0,
            "max": 0.14285714285714285,
            "count": 20
        },
        "BossBattle.Environment.CumulativeReward.sum": {
            "value": 0.0,
            "min": 0.0,
            "max": 1.0,
            "count": 20
        },
        "BossBattle.Policy.ExtrinsicReward.mean": {
            "value": 0.0,
            "min": 0.0,
            "max": 0.14285714285714285,
            "count": 20
        },
        "BossBattle.Policy.ExtrinsicReward.sum": {
            "value": 0.0,
            "min": 0.0,
            "max": 1.0,
            "count": 20
        },
        "BossBattle.IsTraining.mean": {
            "value": 1.0,
            "min": 1.0,
            "max": 1.0,
            "count": 20
        },
        "BossBattle.IsTraining.sum": {
            "value": 1.0,
            "min": 1.0,
            "max": 1.0,
            "count": 20
        },
        "BossBattle.Losses.PolicyLoss.mean": {
            "value": 0.0267982149477272,
            "min": 0.01960960644064471,
            "max": 0.03000493618504455,
            "count": 9
        },
        "BossBattle.Losses.PolicyLoss.sum": {
            "value": 0.0267982149477272,
            "min": 0.01960960644064471,
            "max": 0.03000493618504455,
            "count": 9
        },
        "BossBattle.Losses.ValueLoss.mean": {
            "value": 0.00022201646449199569,
            "min": 0.00022201646449199569,
            "max": 0.00855982966410617,
            "count": 9
        },
        "BossBattle.Losses.ValueLoss.sum": {
            "value": 0.00022201646449199569,
            "min": 0.00022201646449199569,
            "max": 0.00855982966410617,
            "count": 9
        },
        "BossBattle.Policy.LearningRate.mean": {
            "value": 0.00029058710313763334,
            "min": 0.00029058710313763334,
            "max": 0.0002989464003511999,
            "count": 9
        },
        "BossBattle.Policy.LearningRate.sum": {
            "value": 0.00029058710313763334,
            "min": 0.00029058710313763334,
            "max": 0.0002989464003511999,
            "count": 9
        },
        "BossBattle.Policy.Epsilon.mean": {
            "value": 0.1968623666666666,
            "min": 0.1968623666666666,
            "max": 0.19964880000000004,
            "count": 9
        },
        "BossBattle.Policy.Epsilon.sum": {
            "value": 0.1968623666666666,
            "min": 0.1968623666666666,
            "max": 0.19964880000000004,
            "count": 9
        },
        "BossBattle.Policy.Beta.mean": {
            "value": 0.00968655043,
            "min": 0.00968655043,
            "max": 0.009964915119999999,
            "count": 9
        },
        "BossBattle.Policy.Beta.sum": {
            "value": 0.00968655043,
            "min": 0.00968655043,
            "max": 0.009964915119999999,
            "count": 9
        },
        "BossBattle.Self-play.ELO.mean": {
            "value": 1200.5,
            "min": 1200.5,
            "max": 1200.5,
            "count": 2
        },
        "BossBattle.Self-play.ELO.sum": {
            "value": 1200.5,
            "min": 1200.5,
            "max": 1200.5,
            "count": 2
        }
    },
    "metadata": {
        "timer_format_version": "0.1.0",
        "start_time_seconds": "1679562052",
        "python_version": "3.8.16 (default, Mar  2 2023, 03:18:16) [MSC v.1916 64 bit (AMD64)]",
        "command_line_arguments": "C:\\Users\\beeer\\anaconda3\\envs\\mlagents_R19\\Scripts\\mlagents-learn config/BossBattle.yaml --run-id=boss_test_01",
        "mlagents_version": "0.30.0",
        "mlagents_envs_version": "0.30.0",
        "communication_protocol_version": "1.5.0",
        "pytorch_version": "2.0.0+cu118",
        "numpy_version": "1.21.2",
        "end_time_seconds": "1679562564"
    },
    "total": 511.67864929999996,
    "count": 1,
    "self": 0.014262799999983145,
    "children": {
        "run_training.setup": {
            "total": 0.09210570000000118,
            "count": 1,
            "self": 0.09210570000000118
        },
        "TrainerController.start_learning": {
            "total": 511.5722808,
            "count": 1,
            "self": 0.39755410000270786,
            "children": {
                "TrainerController._reset_env": {
                    "total": 24.8775925,
                    "count": 1,
                    "self": 24.8775925
                },
                "TrainerController.advance": {
                    "total": 486.23085389999727,
                    "count": 16692,
                    "self": 0.37574869999679095,
                    "children": {
                        "env_step": {
                            "total": 452.1772967999976,
                            "count": 16692,
                            "self": 338.8772011999966,
                            "children": {
                                "SubprocessEnvManager._take_step": {
                                    "total": 113.04785509999975,
                                    "count": 16692,
                                    "self": 2.490903900003957,
                                    "children": {
                                        "TorchPolicy.evaluate": {
                                            "total": 110.5569511999958,
                                            "count": 33384,
                                            "self": 110.5569511999958
                                        }
                                    }
                                },
                                "workers": {
                                    "total": 0.25224050000124265,
                                    "count": 16692,
                                    "self": 0.0,
                                    "children": {
                                        "worker_root": {
                                            "total": 488.2335983999999,
                                            "count": 16692,
                                            "is_parallel": true,
                                            "self": 176.9108226999952,
                                            "children": {
                                                "steps_from_proto": {
                                                    "total": 0.004127799999999127,